﻿<?xml version="1.0" encoding="utf-8"?>
<WavetableRecipe>
  <Osc>
    <Waveshape>86</Waveshape>
    <Harmonic>0</Harmonic>
    <StartingFeedNext>0</StartingFeedNext>
    <EndingFeedNext>56</EndingFeedNext>
    <FeedNextMorphShape>0</FeedNextMorphShape>
    <StartingFeedOut>0</StartingFeedOut>
    <EndingFeedOut>0</EndingFeedOut>
    <FeedOutMorphShape>0</FeedOutMorphShape>
    <EqualFeedNext>False</EqualFeedNext>
    <EqualFeedOut>True</EqualFeedOut>
  </Osc>
  <Osc>
    <Waveshape>80</Waveshape>
    <Harmonic>0</Harmonic>
    <StartingFeedNext>0</StartingFeedNext>
    <EndingFeedNext>0</EndingFeedNext>
    <FeedNextMorphShape>0</FeedNextMorphShape>
    <StartingFeedOut>24</StartingFeedOut>
    <EndingFeedOut>24</EndingFeedOut>
    <FeedOutMorphShape>0</FeedOutMorphShape>
    <EqualFeedNext>True</EqualFeedNext>
    <EqualFeedOut>True</EqualFeedOut>
  </Osc>
</WavetableRecipe>