﻿<?xml version="1.0" encoding="utf-8"?>
<WavetableRecipe>
  <Osc>
    <Waveshape>0</Waveshape>
    <Harmonic>0</Harmonic>
    <StartingFeedNext>143</StartingFeedNext>
    <EndingFeedNext>3</EndingFeedNext>
    <FeedNextMorphShape>6</FeedNextMorphShape>
    <StartingFeedOut>0</StartingFeedOut>
    <EndingFeedOut>0</EndingFeedOut>
    <FeedOutMorphShape>0</FeedOutMorphShape>
    <EqualFeedNext>False</EqualFeedNext>
    <EqualFeedOut>True</EqualFeedOut>
    <PhaseInvert>False</PhaseInvert>
  </Osc>
  <Osc>
    <Waveshape>8</Waveshape>
    <Harmonic>15</Harmonic>
    <StartingFeedNext>255</StartingFeedNext>
    <EndingFeedNext>143</EndingFeedNext>
    <FeedNextMorphShape>8</FeedNextMorphShape>
    <StartingFeedOut>0</StartingFeedOut>
    <EndingFeedOut>0</EndingFeedOut>
    <FeedOutMorphShape>0</FeedOutMorphShape>
    <EqualFeedNext>False</EqualFeedNext>
    <EqualFeedOut>True</EqualFeedOut>
    <PhaseInvert>False</PhaseInvert>
  </Osc>
  <Osc>
    <Waveshape>5</Waveshape>
    <Harmonic>0</Harmonic>
    <StartingFeedNext>0</StartingFeedNext>
    <EndingFeedNext>45</EndingFeedNext>
    <FeedNextMorphShape>0</FeedNextMorphShape>
    <StartingFeedOut>0</StartingFeedOut>
    <EndingFeedOut>0</EndingFeedOut>
    <FeedOutMorphShape>0</FeedOutMorphShape>
    <EqualFeedNext>False</EqualFeedNext>
    <EqualFeedOut>True</EqualFeedOut>
    <PhaseInvert>False</PhaseInvert>
  </Osc>
  <Osc>
    <Waveshape>0</Waveshape>
    <Harmonic>0</Harmonic>
    <StartingFeedNext>0</StartingFeedNext>
    <EndingFeedNext>0</EndingFeedNext>
    <FeedNextMorphShape>0</FeedNextMorphShape>
    <StartingFeedOut>128</StartingFeedOut>
    <EndingFeedOut>128</EndingFeedOut>
    <FeedOutMorphShape>0</FeedOutMorphShape>
    <EqualFeedNext>True</EqualFeedNext>
    <EqualFeedOut>True</EqualFeedOut>
    <PhaseInvert>False</PhaseInvert>
  </Osc>
</WavetableRecipe>