﻿<?xml version="1.0" encoding="utf-8"?>
<WavetableRecipe>
  <Osc>
    <Waveshape>56</Waveshape>
    <Harmonic>0</Harmonic>
    <StartingFeedNext>0</StartingFeedNext>
    <EndingFeedNext>57</EndingFeedNext>
    <FeedNextMorphShape>0</FeedNextMorphShape>
    <StartingFeedOut>0</StartingFeedOut>
    <EndingFeedOut>0</EndingFeedOut>
    <FeedOutMorphShape>0</FeedOutMorphShape>
    <EqualFeedNext>False</EqualFeedNext>
    <EqualFeedOut>True</EqualFeedOut>
  </Osc>
  <Osc>
    <Waveshape>7</Waveshape>
    <Harmonic>0</Harmonic>
    <StartingFeedNext>68</StartingFeedNext>
    <EndingFeedNext>68</EndingFeedNext>
    <FeedNextMorphShape>0</FeedNextMorphShape>
    <StartingFeedOut>0</StartingFeedOut>
    <EndingFeedOut>0</EndingFeedOut>
    <FeedOutMorphShape>0</FeedOutMorphShape>
    <EqualFeedNext>True</EqualFeedNext>
    <EqualFeedOut>True</EqualFeedOut>
  </Osc>
  <Osc>
    <Waveshape>5</Waveshape>
    <Harmonic>0</Harmonic>
    <StartingFeedNext>0</StartingFeedNext>
    <EndingFeedNext>0</EndingFeedNext>
    <FeedNextMorphShape>0</FeedNextMorphShape>
    <StartingFeedOut>128</StartingFeedOut>
    <EndingFeedOut>128</EndingFeedOut>
    <FeedOutMorphShape>0</FeedOutMorphShape>
    <EqualFeedNext>True</EqualFeedNext>
    <EqualFeedOut>True</EqualFeedOut>
  </Osc>
</WavetableRecipe>