﻿<?xml version="1.0" encoding="utf-8"?>
<WavetableRecipe>
  <Osc>
    <Waveshape>6</Waveshape>
    <Harmonic>3</Harmonic>
    <StartingFeedNext>49</StartingFeedNext>
    <EndingFeedNext>49</EndingFeedNext>
    <FeedNextMorphShape>0</FeedNextMorphShape>
    <StartingFeedOut>0</StartingFeedOut>
    <EndingFeedOut>0</EndingFeedOut>
    <FeedOutMorphShape>0</FeedOutMorphShape>
    <EqualFeedNext>True</EqualFeedNext>
    <EqualFeedOut>True</EqualFeedOut>
  </Osc>
  <Osc>
    <Waveshape>7</Waveshape>
    <Harmonic>1</Harmonic>
    <StartingFeedNext>35</StartingFeedNext>
    <EndingFeedNext>35</EndingFeedNext>
    <FeedNextMorphShape>0</FeedNextMorphShape>
    <StartingFeedOut>0</StartingFeedOut>
    <EndingFeedOut>0</EndingFeedOut>
    <FeedOutMorphShape>0</FeedOutMorphShape>
    <EqualFeedNext>True</EqualFeedNext>
    <EqualFeedOut>True</EqualFeedOut>
  </Osc>
  <Osc>
    <Waveshape>1</Waveshape>
    <Harmonic>0</Harmonic>
    <StartingFeedNext>0</StartingFeedNext>
    <EndingFeedNext>34</EndingFeedNext>
    <FeedNextMorphShape>0</FeedNextMorphShape>
    <StartingFeedOut>0</StartingFeedOut>
    <EndingFeedOut>0</EndingFeedOut>
    <FeedOutMorphShape>0</FeedOutMorphShape>
    <EqualFeedNext>False</EqualFeedNext>
    <EqualFeedOut>True</EqualFeedOut>
  </Osc>
  <Osc>
    <Waveshape>80</Waveshape>
    <Harmonic>0</Harmonic>
    <StartingFeedNext>0</StartingFeedNext>
    <EndingFeedNext>0</EndingFeedNext>
    <FeedNextMorphShape>0</FeedNextMorphShape>
    <StartingFeedOut>24</StartingFeedOut>
    <EndingFeedOut>24</EndingFeedOut>
    <FeedOutMorphShape>0</FeedOutMorphShape>
    <EqualFeedNext>True</EqualFeedNext>
    <EqualFeedOut>True</EqualFeedOut>
  </Osc>
</WavetableRecipe>